file	bytes	skin	frames	seconds30	match	candidateCount	candidateUUIDs	descriptions	sha256	duplicateOf
180 Turn W_ Briefcase (1).fbx	444736	without-skin	69.0	2.3	ambiguous-name	2	c9c9f110-b96c-11e4-a802-0aaa78deedf9 | c9c9ee12-b96c-11e4-a802-0aaa78deedf9	Female 180 Turn With Briefcase | Male 180 Turn With Briefcase	88495c23861c5e9c317a57af27566fbad9bb0a75093994202d526654ae789545	
180 Turn W_ Briefcase.fbx	444736	without-skin	69.0	2.3	ambiguous-name	2	c9c9f110-b96c-11e4-a802-0aaa78deedf9 | c9c9ee12-b96c-11e4-a802-0aaa78deedf9	Female 180 Turn With Briefcase | Male 180 Turn With Briefcase	080740f74cb0199bb85b9128889bbae7c1e8050eef720ac341dadcfc5690b787	
Agreeing.fbx	55041296	with-skin	142.0	4.7333	ambiguous-name	2	c9c91ec4-b96c-11e4-a802-0aaa78deedf9 | c9c91ad5-b96c-11e4-a802-0aaa78deedf9	Agreeing Yes | Step Back Cautiously Agreeing	7f86b3183d37873a5a6032efcb30f9e7154d20a35e8c4a168fcb9984be2b296f	
Backwards Rifle Walk.fbx	54713072	with-skin	39.0	1.3	unique-name	1	c9cd4c9d-b96c-11e4-a802-0aaa78deedf9	Walking Backwards With Rifle Down	69503adcc5ee9c3f3b0236004d5edb9a4e23c73e37587f388ee664934cae334a	
Button Pushing.fbx	54942064	with-skin	98.0	3.2667	unique-name	1	c9c8f267-b96c-11e4-a802-0aaa78deedf9	Pushing A Button With The Right Hand	f0e5cbd69b6aa5b2a67169cebbb66925bd8251fa836d15cb7651bcca0f577aa7	
Catwalk Twist R To Walk 180.fbx	54924464	with-skin	82.0	2.7333	ambiguous-name	2	7a46ab56-3cd5-405f-aa4a-48cf84bb64e7 | 1ab011f2-96c0-475d-8ef7-e453c95c2fa3	Female Twist Right Idle To Walk 180 - Turning Right | Male Twist Right Idle To Walk 180 - Turning Right	8b145a504f6cb8fdd625e82c7d66d25e4dfb6329e37b078e166b11cec634a793	
Catwalk Walk Start Turn 180 Left.fbx	545536	without-skin	76.0	2.5333	ambiguous-name	2	305747e7-bb9c-4d6c-b1d7-18a07c24c59a | a24418a8-5607-49f7-af1c-ec59dabd9d41	Female Walk Start Turining 180 To The Left | Male Walk Start Turining 180 To The Left	2eda7cedc4a39018825fec6443ba2c52cb1ba70b380a2a776c4e41d6c67d2cbc	
Catwalk Walk Turn 180 Tight L.fbx	707184	without-skin	119.0	3.9667	unique-name	1	53ae6105-cdf1-4437-9e6c-c4c362dc46d1	Male Walk Forward In A Tight Turn To The Left	07102472ac4e39b8d16525f0003cceb46603a6b9deea42575e345d89607642ee	
Catwalk Walk Turn 180 Tight R.fbx	714528	without-skin	121.0	4.0333	unique-name	1	76345d30-e756-4d73-90bf-b912fe28abd1	Male Walk Forward In A Tight Turn To The Right	adfdce5f9a439ed917cfc532ba9f70aa4de256827923768595a8463fc0900aa4	
Closing.fbx	802496	without-skin	186.0	6.2	unique-name	1	c9c6d55d-b96c-11e4-a802-0aaa78deedf9	Closing Cabinet Door	7bfc609c6c28415f915e7b8db5b04e9d412d47cdf5d203ff053c53d9ee258e32	
Dismissing Gesture.fbx	54870560	with-skin	68.0	2.2667	ambiguous-name	2	c9c8f19f-b96c-11e4-a802-0aaa78deedf9 | c9c8e0d3-b96c-11e4-a802-0aaa78deedf9	Dismissing With Back Hand | Dismissing With Hand Forward	c50aa3ebbcddc8fee1a4046bbd91a6df1510ecf0650749229aa82a93a2985fba	
Drawing Gun.fbx	466336	without-skin	61.0	2.0333	unique-name	1	c9c83441-b96c-11e4-a802-0aaa78deedf9	Drawing Gun From Lower Back	270d7231ec6e6c4147700f7a01ef2cc289c2205ff63fa6175095a35d873c5456	
Dying.fbx	54917952	with-skin	133.0	4.4333	ambiguous-name	10	c9c62d63-b96c-11e4-a802-0aaa78deedf9 | c9c630ac-b96c-11e4-a802-0aaa78deedf9 | c9c63186-b96c-11e4-a802-0aaa78deedf9 | c9c62efe-b96c-11e4-a802-0aaa78deedf9 | c9c62e30-b96c-11e4-a802-0aaa78deedf9 | c9c62fce-b96c-11e4-a802-0aaa78deedf9 | c9c62c97-b96c-11e4-a802-0aaa78deedf9 | c9c62bc7-b96c-11e4-a802-0aaa78deedf9 | c9c6e758-b96c-11e4-a802-0aaa78deedf9 | c9c6df2e-b96c-11e4-a802-0aaa78deedf9	Death Hit From The Back Falling On One Knee | Dying Front Head Impact To Two Knees | Dying Rear Impact Falling On Two Knees | Dying Shot To Back Of Head Falling On Two Knees | Dying Shot To The Chest Falling On Two Knees | Dying Shot To The Head Falling On Two Knees | Dying With Front Hit To The Head And Fall On One Knee | Dying With Front Impact To The Head And Fall On One Knee | Explosion From Behind | Laying On The Ground Dying	bc98695c44ad5581cbe0bd257ad6b86c90d3f485f4b68ef760dc951f69ea1a33	
Emerge From Cover.fbx	459488	without-skin	59.0	1.9667	unique-name	1	c9cc0e84-b96c-11e4-a802-0aaa78deedf9	Emerging Left From Cover Idle	4bb5ad8c5994f11f129c21c39eb0fae7ea9271877def13f9a786abea6a2d8f85	
Entering Code.fbx	862768	without-skin	226.0	7.5333	unique-name	1	c9c85e20-b96c-11e4-a802-0aaa78deedf9	Entering An Access Code	42c6d3b27f547651282a2d825f2c55597952f379e534b38798cf3128d6d3daef	
Firing Rifle.fbx	54743312	with-skin	36.0	1.2	ambiguous-name	8	c9c863fe-b96c-11e4-a802-0aaa78deedf9 | c9c94dfa-b96c-11e4-a802-0aaa78deedf9 | c9c895ef-b96c-11e4-a802-0aaa78deedf9 | c9ca927e-b96c-11e4-a802-0aaa78deedf9 | c9c9245d-b96c-11e4-a802-0aaa78deedf9 | c9c94f98-b96c-11e4-a802-0aaa78deedf9 | c9c95371-b96c-11e4-a802-0aaa78deedf9 | c9c92f55-b96c-11e4-a802-0aaa78deedf9	Firing A Rifle While Standing | Firing A Rifle While Standing | Firing While Walking With Rifle | Repeatedly Firing A Rifle While Crouch Walking | Repeatedly Firing While Running With Rifle | Repeatedly Firing While Walking At Medium Speed With Rifle | Repeatedly Firing While Walking At Slow Speed With Rifle | Repeatedly Firing While Walking With Rifle	5b22f926575b92b0bc61df651abc82519e775853ba2d2dbc0b08232362ad9c6c	
Headbutt.fbx	54787408	with-skin	64.0	2.1333	unique-name	1	c9c722ef-b96c-11e4-a802-0aaa78deedf9	Illegal Headbutt With Step	d10b53f13aab572f8d21ce7b62fd5c9f421d4754556db97dd359c0167e03476a	
Hip Hop Dancing.fbx	56033008	with-skin	518.0	17.2667	ambiguous-name	17	c9c65cae-b96c-11e4-a802-0aaa78deedf9 | c9c65d8a-b96c-11e4-a802-0aaa78deedf9 | c9c65e61-b96c-11e4-a802-0aaa78deedf9 | c9c65f2a-b96c-11e4-a802-0aaa78deedf9 | c9c65ff3-b96c-11e4-a802-0aaa78deedf9 | c9c66120-b96c-11e4-a802-0aaa78deedf9 | c9c661f0-b96c-11e4-a802-0aaa78deedf9 | c9c7438e-b96c-11e4-a802-0aaa78deedf9 | c9c6fa80-b96c-11e4-a802-0aaa78deedf9 | c9c6f09b-b96c-11e4-a802-0aaa78deedf9 | c9c6e3a5-b96c-11e4-a802-0aaa78deedf9 | c9c6e172-b96c-11e4-a802-0aaa78deedf9 | c9c6e0ad-b96c-11e4-a802-0aaa78deedf9 | c9c6f15b-b96c-11e4-a802-0aaa78deedf9 | c9c6ed9e-b96c-11e4-a802-0aaa78deedf9 | c9c6f217-b96c-11e4-a802-0aaa78deedf9 | c9c6e4c9-b96c-11e4-a802-0aaa78deedf9	Female Hip Hop 'Arm Wave' Dancing | Female Hip Hop 'Body Wave' Dancing | Female Hip Hop 'Kick Step' Dancing | Female Hip Hop 'Raise The Roof' Dancing | Female Hip Hop 'Rib Pops' Dancing | Female Hip Hop 'Running Man' Dancing | Female Hip Hop 'Slide Step' Dancing | Hip Hop Dance Moonwalk | Hip Hop Dancing Bboy Variation One | Hip Hop Dancing Really Twirl | Hip Hop Dancing Shimmy | Hip Hop Dancing Side To Side | Hip Hop Just Listening Dancing Variation | Hip Hop Quake Variation 1 | Hip Hop Robot Dance Variation Two | Hip Hop Runningman Dance | Timid Dancing	953c622380ee13353cc0a44703ce4286c58037720d4e7e78a5b1d08af066c301	
Idle (1).fbx	1010416	without-skin	301.0	10.0333	ambiguous-name	17	c9cadd1a-b96c-11e4-a802-0aaa78deedf9 | c9ca94bd-b96c-11e4-a802-0aaa78deedf9 | c9ccf750-b96c-11e4-a802-0aaa78deedf9 | c9c98e99-b96c-11e4-a802-0aaa78deedf9 | c9c9ff70-b96c-11e4-a802-0aaa78deedf9 | c9c60b71-b96c-11e4-a802-0aaa78deedf9 | c9caaa17-b96c-11e4-a802-0aaa78deedf9 | c9cad94a-b96c-11e4-a802-0aaa78deedf9 | c9cada0b-b96c-11e4-a802-0aaa78deedf9 | c9c9965a-b96c-11e4-a802-0aaa78deedf9 | c9ce8927-b96c-11e4-a802-0aaa78deedf9 | c9caa3e7-b96c-11e4-a802-0aaa78deedf9 | c9c972d1-b96c-11e4-a802-0aaa78deedf9 | c9c981a2-b96c-11e4-a802-0aaa78deedf9 | c9c99350-b96c-11e4-a802-0aaa78deedf9 | c9caa05e-b96c-11e4-a802-0aaa78deedf9 | c9c79c65-b96c-11e4-a802-0aaa78deedf9	Bouncing Boxing Idle | Crouched For Cover Against Object | Female Idle | Looking Over Both Shoulders | Looking Over Both Shoulders | Male Boxing Idle | Male Fitness Idle | Male Fitness Idle | Male Fitness Idle With Breathing | Ready Pose To Adjusting Stance | Rifle Standing Idle | Standing Cover Against Object | Standing Idle | Standing Idle | Standing Idle | Standing Short Idle | Weight Shift Idle	9053640ff37b51a6f40a263ea37420c19e21e50c90ac8d2b505d45498859c10f	
Idle (2).fbx	671536	without-skin	121.0	4.0333	ambiguous-name	17	c9cadd1a-b96c-11e4-a802-0aaa78deedf9 | c9ca94bd-b96c-11e4-a802-0aaa78deedf9 | c9ccf750-b96c-11e4-a802-0aaa78deedf9 | c9c98e99-b96c-11e4-a802-0aaa78deedf9 | c9c9ff70-b96c-11e4-a802-0aaa78deedf9 | c9c60b71-b96c-11e4-a802-0aaa78deedf9 | c9caaa17-b96c-11e4-a802-0aaa78deedf9 | c9cad94a-b96c-11e4-a802-0aaa78deedf9 | c9cada0b-b96c-11e4-a802-0aaa78deedf9 | c9c9965a-b96c-11e4-a802-0aaa78deedf9 | c9ce8927-b96c-11e4-a802-0aaa78deedf9 | c9caa3e7-b96c-11e4-a802-0aaa78deedf9 | c9c972d1-b96c-11e4-a802-0aaa78deedf9 | c9c981a2-b96c-11e4-a802-0aaa78deedf9 | c9c99350-b96c-11e4-a802-0aaa78deedf9 | c9caa05e-b96c-11e4-a802-0aaa78deedf9 | c9c79c65-b96c-11e4-a802-0aaa78deedf9	Bouncing Boxing Idle | Crouched For Cover Against Object | Female Idle | Looking Over Both Shoulders | Looking Over Both Shoulders | Male Boxing Idle | Male Fitness Idle | Male Fitness Idle | Male Fitness Idle With Breathing | Ready Pose To Adjusting Stance | Rifle Standing Idle | Standing Cover Against Object | Standing Idle | Standing Idle | Standing Idle | Standing Short Idle | Weight Shift Idle	5a0dcf683f5bcc574098784eca7cb16d7fc02389a312619ca14d68467a56af82	
Idle.fbx	55027712	with-skin	121.0	4.0333	ambiguous-name	17	c9cadd1a-b96c-11e4-a802-0aaa78deedf9 | c9ca94bd-b96c-11e4-a802-0aaa78deedf9 | c9ccf750-b96c-11e4-a802-0aaa78deedf9 | c9c98e99-b96c-11e4-a802-0aaa78deedf9 | c9c9ff70-b96c-11e4-a802-0aaa78deedf9 | c9c60b71-b96c-11e4-a802-0aaa78deedf9 | c9caaa17-b96c-11e4-a802-0aaa78deedf9 | c9cad94a-b96c-11e4-a802-0aaa78deedf9 | c9cada0b-b96c-11e4-a802-0aaa78deedf9 | c9c9965a-b96c-11e4-a802-0aaa78deedf9 | c9ce8927-b96c-11e4-a802-0aaa78deedf9 | c9caa3e7-b96c-11e4-a802-0aaa78deedf9 | c9c972d1-b96c-11e4-a802-0aaa78deedf9 | c9c981a2-b96c-11e4-a802-0aaa78deedf9 | c9c99350-b96c-11e4-a802-0aaa78deedf9 | c9caa05e-b96c-11e4-a802-0aaa78deedf9 | c9c79c65-b96c-11e4-a802-0aaa78deedf9	Bouncing Boxing Idle | Crouched For Cover Against Object | Female Idle | Looking Over Both Shoulders | Looking Over Both Shoulders | Male Boxing Idle | Male Fitness Idle | Male Fitness Idle | Male Fitness Idle With Breathing | Ready Pose To Adjusting Stance | Rifle Standing Idle | Standing Cover Against Object | Standing Idle | Standing Idle | Standing Idle | Standing Short Idle | Weight Shift Idle	03fd8fdd5e9fffde068f53faa64b8872bffa9506bbc6803d9ae335cac23a1183	
Idle1.fbx	671536	without-skin	121.0	4.0333	ambiguous-name	17	c9cadd1a-b96c-11e4-a802-0aaa78deedf9 | c9ca94bd-b96c-11e4-a802-0aaa78deedf9 | c9ccf750-b96c-11e4-a802-0aaa78deedf9 | c9c98e99-b96c-11e4-a802-0aaa78deedf9 | c9c9ff70-b96c-11e4-a802-0aaa78deedf9 | c9c60b71-b96c-11e4-a802-0aaa78deedf9 | c9caaa17-b96c-11e4-a802-0aaa78deedf9 | c9cad94a-b96c-11e4-a802-0aaa78deedf9 | c9cada0b-b96c-11e4-a802-0aaa78deedf9 | c9c9965a-b96c-11e4-a802-0aaa78deedf9 | c9ce8927-b96c-11e4-a802-0aaa78deedf9 | c9caa3e7-b96c-11e4-a802-0aaa78deedf9 | c9c972d1-b96c-11e4-a802-0aaa78deedf9 | c9c981a2-b96c-11e4-a802-0aaa78deedf9 | c9c99350-b96c-11e4-a802-0aaa78deedf9 | c9caa05e-b96c-11e4-a802-0aaa78deedf9 | c9c79c65-b96c-11e4-a802-0aaa78deedf9	Bouncing Boxing Idle | Crouched For Cover Against Object | Female Idle | Looking Over Both Shoulders | Looking Over Both Shoulders | Male Boxing Idle | Male Fitness Idle | Male Fitness Idle | Male Fitness Idle With Breathing | Ready Pose To Adjusting Stance | Rifle Standing Idle | Standing Cover Against Object | Standing Idle | Standing Idle | Standing Idle | Standing Short Idle | Weight Shift Idle	8271cb4d888e16358002731ca5faa3aad89d8cba368245e48699fc6768842c7f	
Jump.fbx	54863008	with-skin	66.0	2.2	ambiguous-name	8	c9ccec92-b96c-11e4-a802-0aaa78deedf9 | c9ccfe2b-b96c-11e4-a802-0aaa78deedf9 | c9cd217e-b96c-11e4-a802-0aaa78deedf9 | c9ccebcf-b96c-11e4-a802-0aaa78deedf9 | c9ccee21-b96c-11e4-a802-0aaa78deedf9 | c9c86cd4-b96c-11e4-a802-0aaa78deedf9 | c9c97399-b96c-11e4-a802-0aaa78deedf9 | c9c97f8f-b96c-11e4-a802-0aaa78deedf9	Backward Running Jump | Female Forward Running Jump | Female Ninja Running Jump | Forward Running Jump | Jump In Place | Jump While Walking And Aiming Rifle | Jumping In Place | Jumping In Place	671023b126ed32a909d907dfa1a1e6a5089e7704b2a7fde2b1e894216dad9205	
Kneeling Inspecting.fbx	661568	without-skin	149.0	4.9667	unique-name	1	c9c8cded-b96c-11e4-a802-0aaa78deedf9	Kneeling And Inspecting Element With Hands	0203ee6edf5b89ef4028ba56452a6f65054e71cc3bb9c605438db5495fe2450d	
Left Cover Sneak.fbx	372512	without-skin	35.0	1.1667	ambiguous-name	2	c9c9a063-b96c-11e4-a802-0aaa78deedf9 | c9caa18e-b96c-11e4-a802-0aaa78deedf9	Left Standing Sneak Behind Cover | Left Standing Sneak Behind Cover	57b44ff731ea62b381c5ad45ddb5f45360d1f1ff6c1ca0c341e76778efb8b105	
Lifting.fbx	900592	without-skin	217.0	7.2333	unique-name	1	c9c6fe3b-b96c-11e4-a802-0aaa78deedf9	Pick Up Object And Examine	6af83b7ea2f451c995ee3a99f21333b5f647dcca458c820487c5ebc775dea756	
Look Over Shoulder (1).fbx	54995632	with-skin	114.0	3.8	unique-name	1	c9c8d27d-b96c-11e4-a802-0aaa78deedf9	Quick Nervous Look Over Right Shoulder	1b78824e7ebf59ae9cf353266b70f81f7950a62eef731e0214e0bf50b0c147a2	
Look Over Shoulder.fbx	54995632	with-skin	114.0	3.8	unique-name	1	c9c8d27d-b96c-11e4-a802-0aaa78deedf9	Quick Nervous Look Over Right Shoulder	a681720231c4260e7a3dc16c63cffe650e5b87a8a445c58d1add042ed89755ec	
Looking Behind.fbx	635760	without-skin	122.0	4.0667	unique-name	1	c9c8c433-b96c-11e4-a802-0aaa78deedf9	Standing Idle Looking Behind Over Right Side	1e1eb363959d62ed5fe3abb174c592345726e0c2c385d0f901bd4d01d5f306f0	
Looking Through Files Low.fbx	1474480	without-skin	433.0	14.4333	unique-name	1	c9ca04b6-b96c-11e4-a802-0aaa78deedf9	Male Looking Through A File Cabinet Low	0d188ca235d46d8addf5529b66b2d71524b1e7904dd56e4e3ef26fec142d3d68	
Looking.fbx	55006048	with-skin	144.0	4.8	ambiguous-name	3	c9c9645b-b96c-11e4-a802-0aaa78deedf9 | c9c6fef8-b96c-11e4-a802-0aaa78deedf9 | c9c86288-b96c-11e4-a802-0aaa78deedf9	Looking At Something And Shading Eyes | Looking Off Into The Distance | Looking With Hand Shading Eyes	b07e1c4fb9e5c9a66842c99149c57cbb0f8158f581ec7ee89be67aacac18ce9e	
Looking1.fbx	702768	without-skin	147.0	4.9	ambiguous-name	3	c9c9645b-b96c-11e4-a802-0aaa78deedf9 | c9c6fef8-b96c-11e4-a802-0aaa78deedf9 | c9c86288-b96c-11e4-a802-0aaa78deedf9	Looking At Something And Shading Eyes | Looking Off Into The Distance | Looking With Hand Shading Eyes	590a0fb3d6ff5d09487a372364c2c60b1191449eb833e09939053d7811553922	
Male Laying Pose.fbx	54623024	with-skin	2.0	0.0667	ambiguous-name	6	62e92e9c-623b-4754-9cb7-c234973eb982 | 31027f3c-03cb-41c0-a7ca-c7cc149a6d53 | 304a666d-6d1c-4ddd-9944-8710879c309c | f501b173-92d7-40a2-b213-286e3c69173f | cc3de474-7811-47ad-972c-152326c0b59a | 757589a5-d1c8-45bc-a0a0-76cf6adba4e5	On Back, Left Leg Bent | On Back, Left Leg Bent, Hands Behind Head | On Back, Legs Crossed, Hands Behind Head | On Left Side, Left Arm Supporting | On Left Side, Left Arm Supporting Head | On Right Side, Right Arm Supporting	bc208f3b530b26c9a6ed60d04e7589250a3da36281fed9ef870597853888f701	
Male Standing Pose (1).fbx	54623040	with-skin	2.0	0.0667	ambiguous-name	14	08f3514a-0d3b-469d-9f27-57f97d9fcb9b | 64a05ff5-38ab-4b26-a925-808769f6b8bf | 4ce6d573-d378-4908-9552-42a8a05af500 | 93695678-9ffe-4e41-b775-2f8ca5c7c15d | 3bf002cc-5527-4c84-b55c-23db82a48d51 | 5d0f41e7-12d2-4d5b-98fc-42efbdd05929 | 1fe07cde-9aa2-478b-870e-397601e63507 | 08b56eb4-f99a-4e1b-a3df-bb543f33dbbf | c6c4ddd1-3bfa-439d-aabb-bb80d03e4388 | aaba4531-7c08-4d2c-a7a6-8eae3879611d | 670efeec-dabc-492d-a713-a8a28a959249 | e6070070-bfbf-4fb2-87c9-ba85671346a1 | 0b2ee33c-87ea-4f85-9c9e-f517f883de7a | 01da8857-474f-404d-aa34-2e09e697f02c	Arms Behind Back | Arms Slightly Spread | Left Elbow Resting On Object | Left Hand On Hip | Left Leg On Object, Left Hand On Knee | Left Leg On Object, Left Hand On Knee, Right Hand On Hip | Legs Crossed, Leaning On Object | Legs Crossed, Left Arm On Object, Right Hand On Hip | Looking Forward | Looking Left | Looking Right | Right Hand Behind Head | Right Leg On Object, Hands Crossed | Right Leg On Object, Left Hand On Hip, Right Hand On Chin	24fcc98985e7e9750c95a5a5c0f6b13ba1f33953a72c063c941ec7db565ed967	
Male Standing Pose (2).fbx	54623040	with-skin	2.0	0.0667	ambiguous-name	14	08f3514a-0d3b-469d-9f27-57f97d9fcb9b | 64a05ff5-38ab-4b26-a925-808769f6b8bf | 4ce6d573-d378-4908-9552-42a8a05af500 | 93695678-9ffe-4e41-b775-2f8ca5c7c15d | 3bf002cc-5527-4c84-b55c-23db82a48d51 | 5d0f41e7-12d2-4d5b-98fc-42efbdd05929 | 1fe07cde-9aa2-478b-870e-397601e63507 | 08b56eb4-f99a-4e1b-a3df-bb543f33dbbf | c6c4ddd1-3bfa-439d-aabb-bb80d03e4388 | aaba4531-7c08-4d2c-a7a6-8eae3879611d | 670efeec-dabc-492d-a713-a8a28a959249 | e6070070-bfbf-4fb2-87c9-ba85671346a1 | 0b2ee33c-87ea-4f85-9c9e-f517f883de7a | 01da8857-474f-404d-aa34-2e09e697f02c	Arms Behind Back | Arms Slightly Spread | Left Elbow Resting On Object | Left Hand On Hip | Left Leg On Object, Left Hand On Knee | Left Leg On Object, Left Hand On Knee, Right Hand On Hip | Legs Crossed, Leaning On Object | Legs Crossed, Left Arm On Object, Right Hand On Hip | Looking Forward | Looking Left | Looking Right | Right Hand Behind Head | Right Leg On Object, Hands Crossed | Right Leg On Object, Left Hand On Hip, Right Hand On Chin	24fcc98985e7e9750c95a5a5c0f6b13ba1f33953a72c063c941ec7db565ed967	Male Standing Pose (1).fbx
Male Standing Pose (3).fbx	54623040	with-skin	2.0	0.0667	ambiguous-name	14	08f3514a-0d3b-469d-9f27-57f97d9fcb9b | 64a05ff5-38ab-4b26-a925-808769f6b8bf | 4ce6d573-d378-4908-9552-42a8a05af500 | 93695678-9ffe-4e41-b775-2f8ca5c7c15d | 3bf002cc-5527-4c84-b55c-23db82a48d51 | 5d0f41e7-12d2-4d5b-98fc-42efbdd05929 | 1fe07cde-9aa2-478b-870e-397601e63507 | 08b56eb4-f99a-4e1b-a3df-bb543f33dbbf | c6c4ddd1-3bfa-439d-aabb-bb80d03e4388 | aaba4531-7c08-4d2c-a7a6-8eae3879611d | 670efeec-dabc-492d-a713-a8a28a959249 | e6070070-bfbf-4fb2-87c9-ba85671346a1 | 0b2ee33c-87ea-4f85-9c9e-f517f883de7a | 01da8857-474f-404d-aa34-2e09e697f02c	Arms Behind Back | Arms Slightly Spread | Left Elbow Resting On Object | Left Hand On Hip | Left Leg On Object, Left Hand On Knee | Left Leg On Object, Left Hand On Knee, Right Hand On Hip | Legs Crossed, Leaning On Object | Legs Crossed, Left Arm On Object, Right Hand On Hip | Looking Forward | Looking Left | Looking Right | Right Hand Behind Head | Right Leg On Object, Hands Crossed | Right Leg On Object, Left Hand On Hip, Right Hand On Chin	24fcc98985e7e9750c95a5a5c0f6b13ba1f33953a72c063c941ec7db565ed967	Male Standing Pose (1).fbx
Male Standing Pose.fbx	54623040	with-skin	2.0	0.0667	ambiguous-name	14	08f3514a-0d3b-469d-9f27-57f97d9fcb9b | 64a05ff5-38ab-4b26-a925-808769f6b8bf | 4ce6d573-d378-4908-9552-42a8a05af500 | 93695678-9ffe-4e41-b775-2f8ca5c7c15d | 3bf002cc-5527-4c84-b55c-23db82a48d51 | 5d0f41e7-12d2-4d5b-98fc-42efbdd05929 | 1fe07cde-9aa2-478b-870e-397601e63507 | 08b56eb4-f99a-4e1b-a3df-bb543f33dbbf | c6c4ddd1-3bfa-439d-aabb-bb80d03e4388 | aaba4531-7c08-4d2c-a7a6-8eae3879611d | 670efeec-dabc-492d-a713-a8a28a959249 | e6070070-bfbf-4fb2-87c9-ba85671346a1 | 0b2ee33c-87ea-4f85-9c9e-f517f883de7a | 01da8857-474f-404d-aa34-2e09e697f02c	Arms Behind Back | Arms Slightly Spread | Left Elbow Resting On Object | Left Hand On Hip | Left Leg On Object, Left Hand On Knee | Left Leg On Object, Left Hand On Knee, Right Hand On Hip | Legs Crossed, Leaning On Object | Legs Crossed, Left Arm On Object, Right Hand On Hip | Looking Forward | Looking Left | Looking Right | Right Hand Behind Head | Right Leg On Object, Hands Crossed | Right Leg On Object, Left Hand On Hip, Right Hand On Chin	a72d16139b1a16236b383db0c2fcd89983cd5dcdbee9e2c4a7efdf7ac19f4203	
Open Door Outwards.fbx	726080	without-skin	124.0	4.1333	unique-name	1	c9ca4de1-b96c-11e4-a802-0aaa78deedf9	Open Door Outwards While Walking	cbfaacb741c297ae13a68c667436d8ae1cd95acb3c0f6e1c37c6d1f7679123ce	
Opening (1).fbx	1179376	without-skin	330.0	11.0	ambiguous-name	3	c9c84f3e-b96c-11e4-a802-0aaa78deedf9 | c9c6d61e-b96c-11e4-a802-0aaa78deedf9 | c9c6d49e-b96c-11e4-a802-0aaa78deedf9	Attempting To Open A Door | Opening And Closing Cabinet Door | Opening Cabinet Door	59fb1835a3cb4ed43a256a12360510c467b6b02c8d51cadd0249c065fccb0972	
Opening (2).fbx	679920	without-skin	158.0	5.2667	ambiguous-name	3	c9c84f3e-b96c-11e4-a802-0aaa78deedf9 | c9c6d61e-b96c-11e4-a802-0aaa78deedf9 | c9c6d49e-b96c-11e4-a802-0aaa78deedf9	Attempting To Open A Door | Opening And Closing Cabinet Door | Opening Cabinet Door	2dbd8fa36cf721da87822b1627acb0ebde99136fd72b0b0303d3b347b15b21f5	
Opening Door Inwards (1).fbx	55186192	with-skin	192.0	6.4	unique-name	1	c9ca099c-b96c-11e4-a802-0aaa78deedf9	Male Walking And Opening A Door Inwards	d8f59305af455cf79498c744f3927e9a5e4c640f2822a44ce9823dff33e6efd6	
Opening Door Inwards (2).fbx	831056	without-skin	192.0	6.4	unique-name	1	c9ca099c-b96c-11e4-a802-0aaa78deedf9	Male Walking And Opening A Door Inwards	15e34cb22efab2a6756f4205d2a8f90481eca5433a46927354647596b1a5a338	
Opening Door Inwards.fbx	55186192	with-skin	192.0	6.4	unique-name	1	c9ca099c-b96c-11e4-a802-0aaa78deedf9	Male Walking And Opening A Door Inwards	685c7543f98de20a379d93d315a1154b52471624d47d7a2aaa18f1e600371840	
Opening Door Inwards1.fbx	831056	without-skin	192.0	6.4	unique-name	1	c9ca099c-b96c-11e4-a802-0aaa78deedf9	Male Walking And Opening A Door Inwards	7a4c6f424a116f2abcdb5095936e2707ec14575a01e7deae258df4ffbafcf4eb	
Opening.fbx	55531824	with-skin	330.0	11.0	ambiguous-name	3	c9c84f3e-b96c-11e4-a802-0aaa78deedf9 | c9c6d61e-b96c-11e4-a802-0aaa78deedf9 | c9c6d49e-b96c-11e4-a802-0aaa78deedf9	Attempting To Open A Door | Opening And Closing Cabinet Door | Opening Cabinet Door	247253c556b294eb7d10e14c3d638353dd532f6c76125c14521bf9141f54550e	
Opening1.fbx	688176	without-skin	145.0	4.8333	ambiguous-name	3	c9c84f3e-b96c-11e4-a802-0aaa78deedf9 | c9c6d61e-b96c-11e4-a802-0aaa78deedf9 | c9c6d49e-b96c-11e4-a802-0aaa78deedf9	Attempting To Open A Door | Opening And Closing Cabinet Door | Opening Cabinet Door	43bcabea2dd787c6aabef89471713f7448394e0e8a79863ce957b7d4d52b80a2	
Pistol Aim.fbx	832272	without-skin	214.0	7.1333	unique-name	1	c9c8b958-b96c-11e4-a802-0aaa78deedf9	Pistol Aim To Holster Idle	8bcca044ae62eade9545b4072fc53a8c2f12d8ce090028216f911015b46ea786	
Pulling Lever.fbx	55118704	with-skin	189.0	6.3	unique-name	1	c9c8524e-b96c-11e4-a802-0aaa78deedf9	Pulling A Lever Down	b6eea76f35784a4f859df619f8c51118df75665ad0b8001309e27ba493226148	
Pulling Lever1.fbx	762528	without-skin	189.0	6.3	unique-name	1	c9c8524e-b96c-11e4-a802-0aaa78deedf9	Pulling A Lever Down	5b5554b34a0f77c88b297b77fa44090d2b29129f66ef85e36a80a9e83667f10e	
Push Stop.fbx	527904	without-skin	79.0	2.6333	unique-name	1	c9c9d793-b96c-11e4-a802-0aaa78deedf9	Stop Pushing A Heavy Object	2fbe485d3405a7eb780de99b1752eee52e12437c723732991721fe968dc5c5ba	
Quick 180 Turn.fbx	394512	without-skin	40.0	1.3333	unique-name	1	c9c8c959-b96c-11e4-a802-0aaa78deedf9	Quick Right 180 Turn	f209dc9bd02dd6961483eff7f5732bd7f57519417145de49ce7302b878fe7ba7	
Reacting.fbx	629408	without-skin	111.0	3.7	unique-name	1	c9c8214a-b96c-11e4-a802-0aaa78deedf9	Being Surprised And Looking Right	4f0edc61fcd003eabb3a1ee7d616de6cf65c673e05f80ffb4d478d7fb9facbe6	
Restrain.fbx	760320	without-skin	228.0	7.6	unique-name	1	c9c8aace-b96c-11e4-a802-0aaa78deedf9	Block And Restraining A Larger Person	859450e03ef9ccdae0ca8ecf98e940600c11d5948e761a49c17b7f975b283418	
Rifle Aiming Idle.fbx	54952112	with-skin	94.0	3.1333	unique-name	1	c9c84492-b96c-11e4-a802-0aaa78deedf9	Rifle Standing Aiming Idle	19c4668989b87d1f50ac7bdf75ff5f4b8f3892f9013706218a43e765a9963983	
Rifle Crouch Turn.fbx	457552	without-skin	63.0	2.1	ambiguous-name	8	c9cd6935-b96c-11e4-a802-0aaa78deedf9 | c9cd6c40-b96c-11e4-a802-0aaa78deedf9 | c9cd69f9-b96c-11e4-a802-0aaa78deedf9 | c9cd6cfe-b96c-11e4-a802-0aaa78deedf9 | c9cd67a6-b96c-11e4-a802-0aaa78deedf9 | c9cd6ac2-b96c-11e4-a802-0aaa78deedf9 | c9cd686a-b96c-11e4-a802-0aaa78deedf9 | c9cd6b7e-b96c-11e4-a802-0aaa78deedf9	135 Degree Left Turn | 135 Degree Right Turn | 180 Degree Left Turn | 180 Degree Right Turn | 45 Degree Left Turn | 45 Degree Right Turn | 90 Degree Left Turn | 90 Degree Right Turn	0440ad77b312e0d7ed55ab49b0e5535e4ef5418ed05b0b40a150c499ddb0d3ee	
Rifle Turn (1).fbx	54755648	with-skin	52.0	1.7333	ambiguous-name	8	c9cd5a01-b96c-11e4-a802-0aaa78deedf9 | c9cd5d03-b96c-11e4-a802-0aaa78deedf9 | c9cd5ab9-b96c-11e4-a802-0aaa78deedf9 | c9cd5dbe-b96c-11e4-a802-0aaa78deedf9 | c9cd5884-b96c-11e4-a802-0aaa78deedf9 | c9cd5b7f-b96c-11e4-a802-0aaa78deedf9 | c9cd5941-b96c-11e4-a802-0aaa78deedf9 | c9cd5c3e-b96c-11e4-a802-0aaa78deedf9	135 Degree Left Turn | 135 Degree Right Turn | 180 Degree Left Turn | 180 Degree Right Turn | 45 Degree Left Turn | 45 Degree Right Turn | 90 Degree Left Turn | 90 Degree Right Turn	6102bf48a22bd6e7566b4e73eef2d5031bd5bc65eccfb5b8bc3586073f931e08	
Rifle Turn.fbx	54722608	with-skin	40.0	1.3333	ambiguous-name	8	c9cd5a01-b96c-11e4-a802-0aaa78deedf9 | c9cd5d03-b96c-11e4-a802-0aaa78deedf9 | c9cd5ab9-b96c-11e4-a802-0aaa78deedf9 | c9cd5dbe-b96c-11e4-a802-0aaa78deedf9 | c9cd5884-b96c-11e4-a802-0aaa78deedf9 | c9cd5b7f-b96c-11e4-a802-0aaa78deedf9 | c9cd5941-b96c-11e4-a802-0aaa78deedf9 | c9cd5c3e-b96c-11e4-a802-0aaa78deedf9	135 Degree Left Turn | 135 Degree Right Turn | 180 Degree Left Turn | 180 Degree Right Turn | 45 Degree Left Turn | 45 Degree Right Turn | 90 Degree Left Turn | 90 Degree Right Turn	d918df513212075a39e72f79084c1a1eb4686f7b3453845b2ba45cc39c5deb76	
Rifle Turn1.fbx	396992	without-skin	52.0	1.7333	ambiguous-name	8	c9cd5a01-b96c-11e4-a802-0aaa78deedf9 | c9cd5d03-b96c-11e4-a802-0aaa78deedf9 | c9cd5ab9-b96c-11e4-a802-0aaa78deedf9 | c9cd5dbe-b96c-11e4-a802-0aaa78deedf9 | c9cd5884-b96c-11e4-a802-0aaa78deedf9 | c9cd5b7f-b96c-11e4-a802-0aaa78deedf9 | c9cd5941-b96c-11e4-a802-0aaa78deedf9 | c9cd5c3e-b96c-11e4-a802-0aaa78deedf9	135 Degree Left Turn | 135 Degree Right Turn | 180 Degree Left Turn | 180 Degree Right Turn | 45 Degree Left Turn | 45 Degree Right Turn | 90 Degree Left Turn | 90 Degree Right Turn	b3ec82dfdb9860905112832b5582a980ca375a5cd3271e65537ea47e233344f7	
Rifle Walk.fbx	54721200	with-skin	40.0	1.3333	unique-name	1	c9cd4bdf-b96c-11e4-a802-0aaa78deedf9	Walking With Rifle Down	bdc389906c13cee8851a1932c4b70546c97615042d403723b816700f7370170f	
Right Cover Sneak.fbx	372512	without-skin	35.0	1.1667	ambiguous-name	2	c9c9a2ae-b96c-11e4-a802-0aaa78deedf9 | c9caa2b7-b96c-11e4-a802-0aaa78deedf9	Right Standing Sneak Behind Cover | Right Standing Sneak Behind Cover	dc37fd13bf52b2988d7c606abc9856abb565957c8c7cb45a9dab123010b5ae23	
Right Turn W_ Briefcase (1).fbx	54790112	with-skin	65.0	2.1667	ambiguous-name	2	c9c9ef96-b96c-11e4-a802-0aaa78deedf9 | c9c9ed52-b96c-11e4-a802-0aaa78deedf9	Female Right Turn With Briefcase | Male Right Turn With Briefcase	2c6a4361d559f9d44ce8cd9831f04d85a3c825da67def42a768ede542b3896fd	
Right Turn W_ Briefcase (2).fbx	433936	without-skin	65.0	2.1667	ambiguous-name	2	c9c9ef96-b96c-11e4-a802-0aaa78deedf9 | c9c9ed52-b96c-11e4-a802-0aaa78deedf9	Female Right Turn With Briefcase | Male Right Turn With Briefcase	269759135a6fde8181ff71c97bf2275af1f977aae8802d195b7fd509edcc9bf6	
Right Turn W_ Briefcase.fbx	54790112	with-skin	65.0	2.1667	ambiguous-name	2	c9c9ef96-b96c-11e4-a802-0aaa78deedf9 | c9c9ed52-b96c-11e4-a802-0aaa78deedf9	Female Right Turn With Briefcase | Male Right Turn With Briefcase	6fda9a7ac25495e135180463127afbae68a5758105bef460a084a18fedba750d	
Right Turn W_ Briefcase1.fbx	433936	without-skin	65.0	2.1667	ambiguous-name	2	c9c9ef96-b96c-11e4-a802-0aaa78deedf9 | c9c9ed52-b96c-11e4-a802-0aaa78deedf9	Female Right Turn With Briefcase | Male Right Turn With Briefcase	7b3661bb4a6bcdd4341b1a2511167f1df5b53acc3bcba1ea82bdcecfa1f17278	
Run To Stop.fbx	353472	without-skin	28.0	0.9333	ambiguous-name	3	c9c952ac-b96c-11e4-a802-0aaa78deedf9 | c9c9a5a7-b96c-11e4-a802-0aaa78deedf9 | c9c8276d-b96c-11e4-a802-0aaa78deedf9	Crouched Run To A Crouched Stop | Fast Stop From Full Run | Run To Stop Against Object	bfea430dcfe736ded2082d3890fe0c5676d4db447c6048c447a689e7ef8575ca	
Running To Turn.fbx	54849872	with-skin	69.0	2.3	unique-name	1	c9c8d7db-b96c-11e4-a802-0aaa78deedf9	Fast Run To 180 Degree Turn	31fb074346246902f545bdd200fb8f77976ea656e72c810c682ac130709d605c	
Running.fbx	54687616	with-skin	22.0	0.7333	ambiguous-name	9	c9c81fce-b96c-11e4-a802-0aaa78deedf9 | c9c610bc-b96c-11e4-a802-0aaa78deedf9 | c9c97657-b96c-11e4-a802-0aaa78deedf9 | c9c97eca-b96c-11e4-a802-0aaa78deedf9 | c9c6cb0d-b96c-11e4-a802-0aaa78deedf9 | c9c83b2a-b96c-11e4-a802-0aaa78deedf9 | c9c99715-b96c-11e4-a802-0aaa78deedf9 | c9c8222d-b96c-11e4-a802-0aaa78deedf9 | c9c83790-b96c-11e4-a802-0aaa78deedf9	Action Move Running And Rolling | Male Weighted Run | Running Forward Quickly | Running Forward Quickly | Running Leaning Back Or Forth | Running While Carrying Someone | Running With Intention | Silly Run | Turn To Silly Run Away	9dba9c78b317a44c166a4ba349222e02a724f60d105123b99c6e3e1f68df3845	
Sad Idle.fbx	54883424	with-skin	85.0	2.8333	ambiguous-name	3	c9cccdb4-b96c-11e4-a802-0aaa78deedf9 | c9ccce75-b96c-11e4-a802-0aaa78deedf9 | c9cce12b-b96c-11e4-a802-0aaa78deedf9	Sad Idle Variation 1 | Sad Idle Variation 2 | Standing In A Sad Disposition	7f452a48f71d25e94ae5fec510a04bb978d33a53aa956ce672c27320bef44494	
Salute.fbx	54939296	with-skin	87.0	2.9	unique-name	1	c9cb0ab6-b96c-11e4-a802-0aaa78deedf9	Formal Military Salute	a9c5bd09ed0ab659897547b765b9c07b4df81d1d2eb9aec9238aecc35d825525	
Searching Files High.fbx	1097280	without-skin	293.0	9.7667	unique-name	1	c9ca0631-b96c-11e4-a802-0aaa78deedf9	Searching The Top Drawer Of A File Cabinet	27b5f5ac5efccb65ae204c906f2a0aa60f94a4c679d97c1d4302e9edae6672df	
Short Step Forward.fbx	342144	without-skin	31.0	1.0333	unique-name	1	c9cb50af-b96c-11e4-a802-0aaa78deedf9	Short Boxing Step Forward	3cf18d2c5031d5a8bb38bb61abaf95ab59ea729c74e0d110b9f9f880c8a4e97a	
Shoulder Rubbing.fbx	55140528	with-skin	176.0	5.8667	unique-name	1	c9c921db-b96c-11e4-a802-0aaa78deedf9	Rubbing A Shoulder	3646bb7e15afb285e9a8874bf2547058b101c4410d806a5f807cb6b3c72e6a21	
Shoved Reaction With Spin.fbx	54913840	with-skin	137.0	4.5667	unique-name	1	c9c68950-b96c-11e4-a802-0aaa78deedf9	Reaction To Getting Clipped While Walking Unaware	5e3aa9e686570ee38cb8327b859292411c0e9928d8eda5384cdd5cf1292cc148	
Side Step.fbx	425872	without-skin	45.0	1.5	unique-name	1	c9c7ff20-b96c-11e4-a802-0aaa78deedf9	Side Step	c0506a8373d6e86d27ae4691bffb24ec442183db7a7881d4394e651207d989ae	
Sneaking High-Step (Rejected as Walk).fbx	55032480	with-skin	139.0	4.6333	unmatched	0			f08f8fa24a51e308446740130fef75844cfb9c482285673bc18c1933da421b8b	
Stand To Cover.fbx	54733584	with-skin	35.0	1.1667	ambiguous-name	2	c9c99d44-b96c-11e4-a802-0aaa78deedf9 | c9c9a371-b96c-11e4-a802-0aaa78deedf9	Standing Ready To Standing Cover | Standing To A Crouched Cover Position	1b595f563676c5f742dd513c4fabf7647c51b5d77841717dcc2fd5274dfd0668	
Standard Walk.fbx	54747088	with-skin	36.0	1.2	unique-name	1	c9ccc2e9-b96c-11e4-a802-0aaa78deedf9	Standard Walk	915787ba151489cb86430f60421234a7be0385777ddc62f89fb54991dbb3cbcd	
Standing Torch Turn Left 180.fbx	54793280	with-skin	48.0	1.6	unique-name	1	9b834f51-0ba2-4e77-86fc-a4a97971ed88	Turning 180 Degrees Left With Torch	6119f8d84e09eff30d73b7e020242c6816895f81ad5fd5cc8d4080a899710870	
Standing Up.fbx	55109120	with-skin	183.0	6.1	ambiguous-name	4	c9c8335e-b96c-11e4-a802-0aaa78deedf9 | c9c81e56-b96c-11e4-a802-0aaa78deedf9 | c9ccd8eb-b96c-11e4-a802-0aaa78deedf9 | c9c6dc32-b96c-11e4-a802-0aaa78deedf9	Sitting To Standing | Standing Up And Looking Around | Standing Up From A Soccer Fall | Standing Up From Lying On Stomach	bd6ed0ae434a905593b45cea75513ed3dea86fbdf7e1d1b53bd4fdf5169ab12b	
Start Walking (1).fbx	54918272	with-skin	89.0	2.9667	ambiguous-name	3	c9c8bd07-b96c-11e4-a802-0aaa78deedf9 | c9c84b67-b96c-11e4-a802-0aaa78deedf9 | c9c8b661-b96c-11e4-a802-0aaa78deedf9	Standing To Start Walking With Rifle | Start Walking While Aiming | Walking From Standing	539f28804d19e435b32d2d0cd65b07b22e56f0f0445d55522b2c221bbbe25a82	
Start Walking.fbx	54918272	with-skin	89.0	2.9667	ambiguous-name	3	c9c8bd07-b96c-11e4-a802-0aaa78deedf9 | c9c84b67-b96c-11e4-a802-0aaa78deedf9 | c9c8b661-b96c-11e4-a802-0aaa78deedf9	Standing To Start Walking With Rifle | Start Walking While Aiming | Walking From Standing	23af571a693c44a8a95e98b3bb45c141e63c5f87461541e8462cef46bf9f064d	
Step Backward.fbx	327728	without-skin	26.0	0.8667	ambiguous-name	3	c9cb4f35-b96c-11e4-a802-0aaa78deedf9 | c9cadc5e-b96c-11e4-a802-0aaa78deedf9 | c9cadb92-b96c-11e4-a802-0aaa78deedf9	Long Boxing Step Backward | Medium Boxing Step Backward | Short Boxing Step Backward	e395788fa62845b5424d55e50c6554551fd50050018c98807a7b31d5df0fd14a	
Stop Walking With Rifle.fbx	491248	without-skin	69.0	2.3	unique-name	1	c9c8e19e-b96c-11e4-a802-0aaa78deedf9	Walking With A Rifle To A Stop	b93447e7c28d925ae6484d4b88409d19bf42e66e26e8b08037e076540183552e	
Stop Walking.fbx	568944	without-skin	91.0	3.0333	ambiguous-name	2	c9c85a17-b96c-11e4-a802-0aaa78deedf9 | c9c8d966-b96c-11e4-a802-0aaa78deedf9	Stops Walking While Aiming Rifle | Walking To Standing Idle	16fdd1b5a271206f569879cf891fdab85c6d575436a4f204c97b95e886467276	
Swagger Walk.fbx	54895520	with-skin	85.0	2.8333	unique-name	1	c9c8a862-b96c-11e4-a802-0aaa78deedf9	Walking With A Swagger	9e9e67c4c1adfe401b56abce76e55b7b3481126230b9de517f919c632f44aa2c	
Sword And Shield 180 Turn.fbx	327120	without-skin	25.0	0.8333	ambiguous-name	2	c9cc4e48-b96c-11e4-a802-0aaa78deedf9 | c9cc4bed-b96c-11e4-a802-0aaa78deedf9	Sword And Shield Run 180 Turn | Sword And Shield Walk 180 Turn	347339a290a00929d82df679e95aaac76a1f15886614510fb2c1b8d0941272b6	
Turn Left 45 Degrees.fbx	389648	without-skin	36.0	1.2	unique-name	1	c9ccccfa-b96c-11e4-a802-0aaa78deedf9	Turn Left 45 Degrees While Aiming Rifle	f89059b259c00727a7003e783678ef33545caab0f23d0c62df65f2e31bab7fec	
Unarmed Idle Looking Ver. 1.fbx	1195120	without-skin	339.0	11.3	unique-name	1	c9ceeaca-b96c-11e4-a802-0aaa78deedf9	Looking Around	2c82724860237c7593aad8f6f6e04ea975cb018689cff447e44ce40bd3f4c521	
Unarmed Idle.fbx	54820448	with-skin	58.0	1.9333	unique-name	1	c9ceea07-b96c-11e4-a802-0aaa78deedf9	Standing Idle- Loop	5fc30f0aaf6802a922a668071975c8073786bffe7c71278b75711ca3619babaf	
Unarmed Turn Left 90.fbx	431232	without-skin	46.0	1.5333	unique-name	1	c9ceef5f-b96c-11e4-a802-0aaa78deedf9	Turning 90 Degrees Left	6347d422928ec8e14ab496f877625be9285dca663cb9b29963e29b0b7c60bd16	
Unarmed Turn Right 90.fbx	427136	without-skin	46.0	1.5333	unique-name	1	c9cef01d-b96c-11e4-a802-0aaa78deedf9	Turning 90 Degrees Right	19d83dc2f7f062afaec346732c7d6895c7ba18d359dc94474b5dd186231330b4	
Walk Forward Arc Right.fbx	54780464	with-skin	45.0	1.5	unique-name	1	c9ccdbe3-b96c-11e4-a802-0aaa78deedf9	Walking Forward Right Arc In A Sad Disposition	5117bdb433fe880343a70e074f1bb668a16dc9c2543d49fbcbdb4291a995a41f	
Walk Forward Arc Right1.fbx	424288	without-skin	45.0	1.5	unique-name	1	c9ccdbe3-b96c-11e4-a802-0aaa78deedf9	Walking Forward Right Arc In A Sad Disposition	c64a02a67a15f83e1a15eb2ea56f64fe3709f30e9558f123b38ac62fc34eee2a	
Walk With Rifle (1).fbx	54860912	with-skin	102.0	3.4	ambiguous-name	3	c9c9067d-b96c-11e4-a802-0aaa78deedf9 | c9cc1182-b96c-11e4-a802-0aaa78deedf9 | c9cc1324-b96c-11e4-a802-0aaa78deedf9	Quickly Walk Forward With Rifle | Walking With Rifle At Waist Level | Walking With Rifle At Waist Level 3 Cycle	7c1257a6caabba87c6b305d07518cb722522bc31f92f1d3cfb66a6b007ab83de	
Walk With Rifle.fbx	54759728	with-skin	44.0	1.4667	ambiguous-name	3	c9c9067d-b96c-11e4-a802-0aaa78deedf9 | c9cc1182-b96c-11e4-a802-0aaa78deedf9 | c9cc1324-b96c-11e4-a802-0aaa78deedf9	Quickly Walk Forward With Rifle | Walking With Rifle At Waist Level | Walking With Rifle At Waist Level 3 Cycle	b1035b268d89fcadd3803b1c7d80cf9a92030aa733bf3c96d926f75f77d974e7	
Walk With Rifle1.fbx	504752	without-skin	102.0	3.4	ambiguous-name	3	c9c9067d-b96c-11e4-a802-0aaa78deedf9 | c9cc1182-b96c-11e4-a802-0aaa78deedf9 | c9cc1324-b96c-11e4-a802-0aaa78deedf9	Quickly Walk Forward With Rifle | Walking With Rifle At Waist Level | Walking With Rifle At Waist Level 3 Cycle	faf251e1da6d92a089eb4f67f0cc67d87e84209fb661851990a7445adf1338a7	
Walking Turn 180.fbx	363552	without-skin	31.0	1.0333	unique-name	1	c9c9c73f-b96c-11e4-a802-0aaa78deedf9	Turning 180 Degrees While Walking	0377be9e42748690b930d2c8da92332b30120c45da9e655a761ba2908b5c99e7	
